
-- Volcando datos para la tabla capacitacionesv1.capacitacions: ~36 rows (aproximadamente)
INSERT INTO `capacitacions` (`id`, `codigo`, `nombre`, `perfil`, `objetivo_aprendizaje`, `objetivo_desempeño`, `problema`, `activo`, `tipo_capacitacion_id`, `eje_tematico_id`, `created_at`, `updated_at`) VALUES
	(1, 'C001', 'Curso Cuidado integral de salud del adolescente en escenario normal y contexto de emergencia sanitaria', NULL, 'Identificar e interpretar las acciones del cuidado integral de salud del adolescente en el contexto de emergencia sanitaria en el ámbito de la atención hospitalaria y comunitaria.', 'Aplicar correctamente las acciones del cuidado integral de salud del adolescentes en el contexto de emergencia sanitaria.', 'Dificultad en la aplicaciòn de  las acciones del cuidado integral de salud del adolescente en el contexto de emergencia sanitaria en el ámbito de la atención hospitalaria y comunitaria.', 1, 1, 6, '2024-08-04 21:35:17', '2024-08-05 09:27:40'),
	(2, 'C002', 'Curso Prevención de Anemia en adolescentes', NULL, 'Comprender el manejo de la prevención de Anemia en adolescentes, para la mejora de los indicadores de desempeño.', 'Aplicar las normas de prevención de  anemia en adolescentes, para la mejora de la atención integral.', 'Dificultad en ciertos procedimientos en el manejo de la suplementación preventiva y tratamiento de anemia en niños, adolescentes, gestantes y puérperas, para la mejora de los indicadores de desempeño.', 1, 2, 6, '2024-08-05 09:34:24', '2024-08-05 10:23:17'),
	(3, 'C003', 'Curso cuidado integral de salud del joven', NULL, 'Dominar la aplicación de las actividades del cuidado integral de salud del joven para la mejora de la atención integral\n', 'Implementar las actividades del cuidado integral de salud del joven para la mejora de la atención integral\n', 'Falta de conocimientos y habilidades en la correcta aplicación del cuidado integral de salud del joven que ocasiona demoras en la atención integral\n', 1, 1, 6, '2024-08-05 09:48:06', '2024-08-05 09:48:06'),
	(4, 'C004', 'Curso de actualizaciòn en el manejo de la suplementaciòn preventiva y tratamiento de anemia en niños, adolescentes, gestantes y puérperas', NULL, 'Comprender el manejo de la suplementación preventiva y tratamiento de anemia en niños, adolescentes, gestantes y puérperas, para la mejora de los indicadores de desempeño.', 'Aplicar las normas de suplementación preventiva y tratamiento de anemia en niños, adolescentes, gestantes y puérperas, para la mejora de los indicadores de desempeño.', 'Dificultad en ciertos procedimientos en el manejo de la suplementación preventiva y tratamiento de anemia en niños, adolescentes, gestantes y puérperas, para la mejora de los indicadores de desempeño.', 1, 1, 6, '2024-08-05 09:51:42', '2024-08-05 09:51:42'),
	(5, 'C005', 'Curso de actualización de la toma de hemoglobina', NULL, 'Dominar el proceso y  procedimientos de la toma de hemoglobina a fin de aplicar eficazmente la norma de Anemia.', 'Implementar los procedimientos de la toma de hemoglobina para la mejora de los indicadores de anemia.', 'Dificultad para captar pacientes para la toma de hemoglobina que origina perdidos de vista', 1, 1, 6, '2024-08-05 09:54:31', '2024-08-05 09:54:31'),
	(6, 'C006', 'Curso de gestiòn de recursos para el modelo de atención primaria de salud', NULL, 'Aplicar los procedimientos para la gestión de recursos para el modelo de atención primaria de salud para un buen desempeño logístico.', 'Organizar eficientemente los recursos para el modelo de atención primaria de salud para un buen desempeño logístico.', 'Dificultad en la gestión de recursos para el modelo de atención primaria de salud que ocasiona regular desempeño logístico.', 1, 1, 6, '2024-08-05 09:58:49', '2024-08-05 09:58:49'),
	(7, 'C007', 'Curso implementaciòn para la certificaciòn de EESS amigos de la madre, la niña y el niño-lactancia materna', NULL, 'Organizar la implementación para la certificación de EESS amigos de la madre, la niña y el niño-lactancia materna, para el logro de una atención integral', 'Aplicar los procedimientos para la implementación de la certificación de EESS amigos de la madre, la niña y el niño-lactancia materna, para el logro de una atención integral', 'Falta de un plan organizado para implementar los procedimientos necesarios para el fortalecimiento de nuestra institución como un EESS amigos de la madre, la niña y el niño-lactancia materna, para el logro de una atención integral', 1, 2, 6, '2024-08-05 10:10:39', '2024-08-05 10:22:45'),
	(8, 'C008', 'Curso de atención de crecimiento y desarrollo en la atención primaria', NULL, 'Identificar las actividades de atención de crecimiento y desarrollo en la atención primaria, para su aplicación pertinente según las normas técnicas vigentes.', 'Aplicar las actividades de atención de crecimiento y desarrollo en la atención primaria eficazmente en nuestra institución.', 'Falta de fortalecimiento de  las actividades de atención de crecimiento y desarrollo en la atención primaria según normas técnicas vigentes', 1, 1, 6, '2024-08-05 10:14:20', '2024-08-05 10:14:20'),
	(9, 'C009', 'Curso de atención integral basada en familia y comunidad por grupos etarios', NULL, 'Evaluar la atención integral basada en familia y comunidad por grupos etarios, por parte del personal que realiza actividades comunitarias, para una mejor atención de los miembros de la comunidad.', 'Aplicar los principios de la atención integral basada en familia y comunidad por grupos etarios, para el logro de nuestras metas en el ámbito comunitario.', 'Fortalecer la Implementación de acciones armonizadas por los responsables de la  atención integral basada en familia y comunidad por grupos etarios, para el logro de una atención integral.', 1, 1, 6, '2024-08-05 10:19:25', '2024-08-05 10:19:25'),
	(10, 'C010', 'Curso de reanimación cardio pulmonar', NULL, 'Manipular los medios de reanimación cardio pulmonar, para las intervenciones de casos de emergencia, logrando la máxima participación y desempeño del personal', 'Implementar prendimientos efectivos de reanimación cardio pulmonar, para lograr intervenciones efectivas en casos de emergencia.', 'Falta de fortalecimiento de los procedimientos de reanimación cardio pulmonar, que pueda producir alto riesgo de intervención en casos de emergencia.', 1, 1, 6, '2024-08-05 10:27:34', '2024-08-05 10:27:34'),
	(11, 'C011', 'Curso de diagnostico, tratamiento (dosis fijas combinadas) de TBC y RAM según NTS vigente', NULL, 'Producir mejoras en el  diagnostico y tratamiento de TBC y RAM según NTS vigente, para lograr una alta adherencia al tratamiento.', 'Proponer mejoras en el  diagnostico y tratamiento de TBC y RAM según NTS vigente, para un manejo efectivo de pacientes tratados.', 'Falta de mejoras en el  diagnostico y tratamiento de TBC y RAM según NTS vigente, para un manejo efectivo de pacientes tratados.', 1, 2, 6, '2024-08-05 10:43:23', '2024-08-05 10:43:23'),
	(12, 'C012', 'Curso medidas de control de infecciones y bioseguridad en el personal de salud (profesional médico y no médico-administrativos-servicios generales', NULL, 'Reconocer las medidas de control de infecciones y bioseguridad en el personal de salud (profesional médico y no médico-administrativos-servicios generales, para disminuir los riesgos para la salud del trabajador', 'Aplicar las medidas de control de infecciones y bioseguridad en el personal de salud (profesional médico y no médico-administrativos-servicios generales, para disminuir los riesgos para la salud del trabajador', 'Falta de reconocimiento de las medidas de control de infecciones y bioseguridad en el personal de salud (profesional médico y no médico-administrativos-servicios generales, para disminuir los riesgos para la salud del trabajador', 1, 1, 6, '2024-08-05 10:52:55', '2024-08-05 10:52:55'),
	(13, 'C013', 'Curso de referencia y contrarreferencia en problemas de salud mental', NULL, 'Comprender los procedimientos de Referencia y contrarreferencia en problemas de salud mental, para lograr disminuir los riesgos y demoras en la atención', 'Comprender los procedimientos de Referencia y contrarreferencia en problemas de salud mental, para lograr disminuir los riesgos y demoras en la atención', 'Existencia de falta de Comprensión de los procedimientos de Referencia y contrarreferencia en problemas de salud mental, para lograr disminuir los riesgos y demoras en la atención', 1, 2, 6, '2024-08-05 10:57:03', '2024-08-05 10:57:03'),
	(14, 'C014', 'Curso de manejo ESAVI (evento atribuido a la vacunación e inmunización)', NULL, 'Comprender el  manejo ESAVI (evento atribuido a la vacunación e inmunización), para un mejor registro de eventos adversos', 'Implementar acciones pertinentes para el  manejo ESAVI (evento atribuido a la vacunación e inmunización), para un mejor registro de eventos adversos', 'Falta de un sistema integrado de manejo ESAVI (evento atribuido a la vacunación e inmunización), para un mejor registro de eventos adversos', 1, 1, 6, '2024-08-05 10:59:36', '2024-08-05 10:59:36'),
	(15, 'C015', 'Curso de actualización y sociabilización de normas técnicas de cadena de frio', NULL, 'Identificar las normas técnicas de cadena de frio, para una mejor conservación y manipulación de insumos que requieren refrigeración', 'Aplicar las normas técnicas de cadena de frio, para una mejor conservación y manipulación de insumos que requieren refrigeraciòn', 'Falta de actualización de la aplicación de las normas técnicas de cadena de frio.', 1, 1, 6, '2024-08-05 11:05:32', '2024-08-05 11:05:32'),
	(16, 'C016', 'Curso HIS MINSA', NULL, 'Operar el sistema informático HIS MINSA para una eficiente digitación por parte del usuario interno y digitadores, para disminuir el indice de correcciones.', 'Desarrollar una eficiente digitación en el sistema informático HIS MINSA, disminuyendo errores de llenado y de digitación.', 'Existencia de errores de llenado y de digitación que producen perdida de tiempo y premura en el cierre mensual.', 1, 1, 6, '2024-08-05 11:08:38', '2024-08-05 11:08:38'),
	(17, 'C017', 'Curso sistema en citas en linea, historia clínica electrónica y red nacional de tele salud', NULL, 'Comprender el sistema en citas en linea, historia clínica electrónica y red nacional de tele salud, para brindar un mejor servicio a distancia.', 'Implementar el sistema en citas en linea, historia clínica electrónica y red nacional de tele salud, para brindar un mejor servicio a distancia.', 'Falta implantar un sistema en citas en linea, historia clínica electrónica y red nacional de tele salud, según las nuevas disposiciones del Sector Salud.', 1, 1, 6, '2024-08-05 11:12:48', '2024-08-05 11:12:48'),
	(18, 'C018', 'Curso protocolos de atenciòn de las gestantes de alto riesgo obstétrico en el marco de la pandemia', NULL, 'Comprender los protocolos de atención de las gestantes de alto riesgo obstétrico en el marco de la pandemia, para una mejor atención integral', 'Aplicar los protocolos de atención de las gestantes de alto riesgo obstétrico en el marco de la pandemia, para una mejor atención integral', 'Falta fortalecer la aplicación de los protocolos de atención de las gestantes de alto riesgo obstétrico en el marco de la pandemia, para una mejor atención integral', 1, 1, 6, '2024-08-05 11:15:53', '2024-08-05 11:15:53'),
	(19, 'C019', 'Curso protocolos de atención de las gestantes de alto riesgo obstétrico en el marco de la pandemia', NULL, 'Entender la aplicación de los protocolos de atención de las gestantes de alto riesgo obstétrico en el marco de la pandemia, para lograr una atención integral.', 'Aplicar los protocolos de atención de las gestantes de alto riesgo obstétrico en el marco de la pandemia, para brindar una atención oportuna.', 'Errores en la aplicación de los protocolos de atención de las gestantes de alto riesgo obstétrico en el marco de la pandemia, que origina una baja cobertura.', 1, 1, 6, '2024-08-05 11:18:23', '2024-08-05 11:18:23'),
	(20, 'C020', 'Taller de instrumentos de salud familiar (ficha familiar, familiograma, ecomapa)', NULL, 'Definir los instrumentos de salud familiar (ficha familiar, familiograma, ecomapa) para mejorar la atención comunitaria.', 'Aplicar los instrumentos de salud familiar (ficha familiar, familiograma, ecomapa) disminuyendo errores en los procedimientos.', 'Errores en la aplicación de los procedimientos en el manejo de salud familiar ocasionando demoras en el registro de datos', 1, 2, 6, '2024-08-05 11:21:20', '2024-08-05 11:21:20'),
	(21, 'C021', 'Curso atenciòn integral de personas afectadas por TBC segùn NTS vigente', NULL, 'Comprender la atención integral de personas afectadas por TBC según NTS vigente, para obtener una mayor cobertura y seguimiento de los pacientes tratados.', 'Implementar una atención integral de personas afectadas por TBC según NTS vigente, para el logro de las metas e indicadores.', 'Baja cobertura en la atención integral de personas afectadas por TBC según NTS vigente, que produce niveles bajo de cobertura y de los indicadores.', 1, 2, 6, '2024-08-05 11:25:11', '2024-08-05 11:25:11'),
	(22, 'C022', 'Curso adecuada codificación y registro de códigos HIS-MINSA en Salud Mental', NULL, 'Entender una adecuada codificación y registro de códigos HIS-MINSA en Salud Mental, para una mejor digitación', 'Implementar una adecuada codificación y registro de códigos HIS-MINSA en Salud Mental, para una mejor digitación', 'Falta fortalecer una adecuada codificación y registro de códigos HIS-MINSA en Salud Mental, para una mejor digitación', 1, 2, 6, '2024-08-05 11:28:23', '2024-08-05 11:28:23'),
	(23, 'C023', 'Curso abordaje en la atenciòn y mecanismos de seguimiento en los casos de maltrato y violencia', NULL, 'Reconocer un abordaje eficaz en la atención y mecanismos de seguimiento en los casos de maltrato y violencia, para un tratamiento multidisciplinario', 'Implementar un abordaje eficaz en la atención y mecanismos de seguimiento en los casos de maltrato y violencia, para un tratamiento multidisciplinario', 'Falta de un abordaje eficaz en la atención y mecanismos de seguimiento en los casos de maltrato y violencia, para un tratamiento multidisciplinario', 1, 1, 6, '2024-08-05 11:32:00', '2024-08-05 11:32:00'),
	(24, 'C024', 'Curso de desarrollo de habilidades blandas para equipos de trabajo, inteligencia emocional, manejo de conflictos, etc.', NULL, 'Comprender el desarrollo de habilidades blandas para equipos de trabajo, inteligencia emocional, manejo de conflictos, etc., para mejorar el desempeño del personal', 'Desarrollar habilidades blandas para equipos de trabajo, inteligencia emocional, manejo de conflictos, etc., para mejorar el desempeño del personal', 'Carenteintervencion en el desarrollo de habilidades blandas para equipos de trabajo, inteligencia emocional, manejo de conflictos, etc., para mejorar el desempeño del personal', 1, 1, 6, '2024-08-05 11:37:40', '2024-08-05 11:37:40'),
	(25, 'C025', 'Curso de atenciòn integral de la niña y el niño dirigido al profesional de enfermerìa que realiza el control de CRED en el contexto COVID 19', NULL, 'Explicar la atención integral de la niña y el niño dirigido al profesional de enfermería que realiza el control de CRED en el contexto COVID 19, para un mejor desempeño en la atención integral', 'Desarrollar la atención integral de la niña y el niño dirigido al profesional de enfermería que realiza el control de CRED en el contexto COVID 19, para un mejor desempeño en la atención integral', 'Falta fortalecer la atención integral de la niña y el niño dirigido al profesional de enfermería que realiza el control de CRED en el contexto COVID 19, para un mejor desempeño en la atención integral', 1, 2, 6, '2024-08-05 11:53:09', '2024-08-05 11:53:09'),
	(26, 'C026', 'Curso manejo de enfermedades prevalentes de la infancia: anemias, IRAS, EDAS, parasitosis.', NULL, 'Comprender manejo de enfermedades prevalentes de la infancia: anemias, IRAS, EDAS, parasitosis, para mejorar la salud del infante.', 'Implmentar un manejo eficiente de enfermedades prevalentes de la infancia: anemias, IRAS, EDAS, parasitosis, para mejorar la salud del infante.', 'Falta un sistema integrado en el manejo eficiente de enfermedades prevalentes de la infancia: anemias, IRAS, EDAS, parasitosis, para mejorar la salud del infante.', 1, 1, 6, '2024-08-05 11:54:51', '2024-08-05 11:54:51'),
	(27, 'C027', 'Curso Glaucoma, tamizaje, diagnóstico y tratamiento oportuno.', NULL, 'Evaluar los casos de Glaucoma, tamizaje, diagnóstico y tratamiento oportuno, para un mejor manejo y tratamiento de estas patologías.', 'Implementar un manejop eficiente de los casos de Glaucoma, tamizaje, diagnóstico y tratamiento oportuno, para un mejor manejo y tratamiento de estas patologías.', 'Falta fortalecer el manejo de casos de Glaucoma, tamizaje, diagnóstico y tratamiento oportuno.', 1, 1, 6, '2024-08-05 11:57:37', '2024-08-05 11:57:37'),
	(28, 'C028', 'Curso de redacciòn eficaz', NULL, 'Comprender las normas y principios de una redactan eficaz, para la elaboración de documentos e informes.', 'Aplicar las normas y principios de una redacción eficaz, para la elaboración de documentos e informes.', 'Falta fortalecer una redacción eficaz, para la elaboración de documentos e informes.', 1, 2, 6, '2024-08-05 12:02:49', '2024-08-05 12:02:49'),
	(29, 'C029', 'Curso emergencias, complicaciones obstetricas y menejos de las claves obstetricas', NULL, 'Evaluar las emergencias, complicaciones obstétricas y manejos de las claves obstétricas, para una mejor atención integral.', 'Aplicar un mejor manejo de  las emergencias, complicaciones obstétricas y manejos de las claves obstétricas, para una mejor atenciòn integral.', 'Falta fortalecer el manejo de  las emergencias, complicaciones obstétricas y manejos de las claves obstétricas, para una mejor atención integral.', 1, 2, 6, '2024-08-05 12:05:26', '2024-08-05 12:05:26'),
	(30, 'C030', 'Curso prevenciòn de anemia en gestantes y puerperas', NULL, 'Reconocer los síntomas y signos en la prevención de anemia en gestantes y puérperas, para disminuir riesgos durante la gestación.', 'Aplicar los procedimientos pertinentes en la prevención de anemia en gestantes y puérperas, para disminuir riesgos durante la gestación.', 'Falta de actualización de los procedimientos pertinentes en la prevención de anemia en gestantes y puérperas, para disminuir riesgos durante la gestación.', 1, 2, 6, '2024-08-05 12:10:10', '2024-08-05 12:10:10'),
	(31, 'C031', 'Curso salud atención integral materna', NULL, 'Evaluar la atención integral materna para un mejor control y evitar complicaciones en el embarazo.', 'Implementar la atención integral materna para disminuir los riesgos durante y después de la gestación', 'Falta fortalecer la atención integral materna, lo que produce perdidas al seguimiento y aumento de riesgos durante y después de la gestación.', 1, 2, 6, '2024-08-05 12:18:24', '2024-08-05 12:18:24'),
	(32, 'C032', 'Curso de derechos del usuario de los servicios de salud', NULL, 'Entender los derechos del usuario de los servicios de salud, para fortalecer una atención integral con calidez', 'Implementar una atención integral con pleno conocimiento de los derechos del usuario de los servicios de salud, evitando reclamos y quejas infundadas.', 'Aumento de quejas y reclamos infundados por parte de pacientes y familiares, que aumenta riesgo de intervención de entidades superiores del sector salud.', 1, 1, 6, '2024-08-05 12:20:54', '2024-08-05 12:20:54'),
	(33, 'C033', 'Curso Estandarización en la metodología de control y crecimiento del niño', NULL, 'Identificar oportunidades de mejoras en la Estandarización de la metodología de control y crecimiento del niño, para lograr una atenciòn integral del niño.', 'Desarrollar mejoras en la Estandarizaciòn de la metodología de control y crecimiento del niño, para un adecuado y eficaz seguimiento.', 'Falta de una metodologà Estandarizada para control y crecimiento del niño, que ocasiona perdidas al seguimiento de los niños.', 1, 1, 6, '2024-08-05 12:27:00', '2024-08-05 12:27:00'),
	(34, 'C034', 'Curso estandarizaciòn y flujo de atenciòn y seguimiento de pacientes con enfermedades no trasmisibles', NULL, 'Identificar adecuadamente la atención y seguimiento de pacientes con enfermedades no trasmisibles, a fin que logren una adecuada calidad de vida.', 'Implementar una adecuada la atención y seguimiento de pacientes con enfermedades no trasmisibles, a fin que logren una adecuada calidad de vida.', 'Aumento de casos de pacientes con enfermedades no trasmisibles, que requieren referencia a una institución de nivel mayor de atención.', 1, 1, 6, '2024-08-05 12:31:15', '2024-08-05 12:31:15'),
	(35, 'C035', 'Curso de lactancia materna', NULL, 'Entender las definiciones de lactancia materna en la atención integral de puérperas, para el logro de una alimentación saludable en el Recién nacido.', 'Desarrollar una capacitación eficiente en puérperas de lactancia materna , para el logro de una alimentación saludable en el Recién nacido', 'Falta de fortalecimiento de lactancia materna en puérperas, que produce aumento de consumo de leche artificial.', 1, 2, 6, '2024-08-05 12:34:54', '2024-08-05 12:34:54'),
	(36, 'C036', 'Curso de proceso de atenciòn de reclamos del usuario en salud', NULL, 'Identificar las normas y procedimientos del proceso de atención de reclamos del usuario en salud, para fortalecer la atención en salud.', 'Implementar estrategias de manejo de reclamos del usuario para dar pronta respuestas', 'Falta de procedimientos efectivos para el manejo de atención de reclamos del usuario en salud, que permita solucionar los reclamos sin consecuencias mayores.', 1, 2, 6, '2024-08-05 12:37:46', '2024-08-05 12:37:46');

-- Volcando datos para la tabla capacitacionesv1.capacitacion_nivel: ~108 rows (aproximadamente)
INSERT INTO `capacitacion_nivel` (`capacitacion_id`, `nivel_id`) VALUES
	(1, 2),
	(1, 3),
	(1, 1),
	(2, 3),
	(2, 2),
	(2, 1),
	(3, 3),
	(3, 2),
	(3, 1),
	(4, 3),
	(4, 2),
	(4, 1),
	(5, 3),
	(5, 2),
	(5, 1),
	(6, 3),
	(6, 2),
	(6, 1),
	(7, 3),
	(7, 2),
	(7, 1),
	(8, 3),
	(8, 1),
	(8, 2),
	(9, 3),
	(9, 2),
	(9, 1),
	(10, 3),
	(10, 2),
	(10, 1),
	(11, 3),
	(11, 2),
	(11, 1),
	(12, 3),
	(12, 2),
	(12, 1),
	(13, 3),
	(13, 2),
	(13, 1),
	(14, 3),
	(14, 2),
	(14, 1),
	(15, 3),
	(15, 2),
	(15, 1),
	(16, 3),
	(16, 2),
	(16, 1),
	(17, 3),
	(17, 2),
	(17, 1),
	(18, 3),
	(18, 2),
	(18, 1),
	(19, 3),
	(19, 2),
	(19, 1),
	(20, 3),
	(20, 2),
	(20, 1),
	(21, 3),
	(21, 2),
	(21, 1),
	(22, 3),
	(22, 2),
	(22, 1),
	(23, 3),
	(23, 2),
	(23, 1),
	(24, 3),
	(24, 2),
	(24, 1),
	(25, 3),
	(25, 2),
	(25, 1),
	(26, 3),
	(26, 2),
	(26, 1),
	(27, 3),
	(27, 2),
	(27, 1),
	(28, 3),
	(28, 2),
	(28, 1),
	(29, 3),
	(29, 2),
	(29, 1),
	(30, 3),
	(30, 2),
	(30, 1),
	(31, 3),
	(31, 2),
	(31, 1),
	(32, 3),
	(32, 2),
	(32, 1),
	(33, 3),
	(33, 2),
	(33, 1),
	(34, 3),
	(34, 2),
	(34, 1),
	(35, 3),
	(35, 2),
	(35, 1),
	(36, 3),
	(36, 2),
	(36, 1);

-- Volcando datos para la tabla capacitacionesv1.capacitacion_respuesta: ~216 rows (aproximadamente)
INSERT INTO `capacitacion_respuesta` (`id`, `capacitacion_id`, `respuesta_id`) VALUES
	(1, 1, 1),
	(2, 1, 9),
	(3, 1, 17),
	(4, 1, 18),
	(5, 1, 22),
	(6, 1, 26),
	(7, 2, 1),
	(8, 2, 9),
	(9, 2, 17),
	(10, 2, 18),
	(11, 2, 22),
	(12, 2, 27),
	(13, 3, 1),
	(14, 3, 9),
	(15, 3, 17),
	(16, 3, 18),
	(17, 3, 21),
	(18, 3, 27),
	(19, 4, 1),
	(20, 4, 9),
	(21, 4, 17),
	(22, 4, 18),
	(23, 4, 22),
	(24, 4, 27),
	(25, 5, 1),
	(26, 5, 9),
	(27, 5, 17),
	(28, 5, 18),
	(29, 5, 22),
	(30, 5, 27),
	(31, 6, 1),
	(32, 6, 9),
	(33, 6, 17),
	(34, 6, 18),
	(35, 6, 22),
	(36, 6, 27),
	(37, 7, 2),
	(38, 7, 9),
	(39, 7, 17),
	(40, 7, 18),
	(41, 7, 22),
	(42, 7, 27),
	(43, 8, 1),
	(44, 8, 9),
	(45, 8, 17),
	(46, 8, 18),
	(47, 8, 22),
	(48, 8, 27),
	(49, 9, 1),
	(50, 9, 9),
	(51, 9, 17),
	(52, 9, 18),
	(53, 9, 22),
	(54, 9, 27),
	(55, 10, 1),
	(56, 10, 9),
	(57, 10, 17),
	(58, 10, 18),
	(59, 10, 22),
	(60, 10, 27),
	(61, 11, 1),
	(62, 11, 9),
	(63, 11, 17),
	(64, 11, 18),
	(65, 11, 22),
	(66, 11, 27),
	(67, 12, 1),
	(68, 12, 9),
	(69, 12, 17),
	(70, 12, 18),
	(71, 12, 22),
	(72, 12, 27),
	(73, 13, 1),
	(74, 13, 9),
	(75, 13, 17),
	(76, 13, 18),
	(77, 13, 22),
	(78, 13, 27),
	(79, 14, 1),
	(80, 14, 9),
	(81, 14, 17),
	(82, 14, 18),
	(83, 14, 22),
	(84, 14, 27),
	(85, 15, 1),
	(86, 15, 9),
	(87, 15, 17),
	(88, 15, 18),
	(89, 15, 22),
	(90, 15, 27),
	(91, 16, 1),
	(92, 16, 9),
	(93, 16, 17),
	(94, 16, 18),
	(95, 16, 22),
	(96, 16, 27),
	(97, 17, 1),
	(98, 17, 9),
	(99, 17, 17),
	(100, 17, 18),
	(101, 17, 22),
	(102, 17, 27),
	(103, 18, 1),
	(104, 18, 9),
	(105, 18, 17),
	(106, 18, 18),
	(107, 18, 22),
	(108, 18, 27),
	(109, 19, 1),
	(110, 19, 9),
	(111, 19, 17),
	(112, 19, 18),
	(113, 19, 22),
	(114, 19, 27),
	(115, 20, 1),
	(116, 20, 9),
	(117, 20, 17),
	(118, 20, 18),
	(119, 20, 22),
	(120, 20, 27),
	(121, 21, 1),
	(122, 21, 9),
	(123, 21, 17),
	(124, 21, 18),
	(125, 21, 22),
	(126, 21, 27),
	(127, 22, 1),
	(128, 22, 9),
	(129, 22, 17),
	(130, 22, 18),
	(131, 22, 22),
	(132, 22, 27),
	(133, 23, 1),
	(134, 23, 9),
	(135, 23, 17),
	(136, 23, 18),
	(137, 23, 22),
	(138, 23, 27),
	(139, 24, 1),
	(140, 24, 9),
	(141, 24, 17),
	(142, 24, 18),
	(143, 24, 22),
	(144, 24, 27),
	(145, 25, 1),
	(146, 25, 9),
	(147, 25, 17),
	(148, 25, 18),
	(149, 25, 22),
	(150, 25, 27),
	(151, 26, 1),
	(152, 26, 9),
	(153, 26, 17),
	(154, 26, 18),
	(155, 26, 22),
	(156, 26, 27),
	(157, 27, 1),
	(158, 27, 9),
	(159, 27, 17),
	(160, 27, 18),
	(161, 27, 22),
	(162, 27, 27),
	(163, 28, 1),
	(164, 28, 9),
	(165, 28, 17),
	(166, 28, 18),
	(167, 28, 22),
	(168, 28, 27),
	(169, 29, 1),
	(170, 29, 9),
	(171, 29, 17),
	(172, 29, 18),
	(173, 29, 22),
	(174, 29, 27),
	(175, 30, 1),
	(176, 30, 9),
	(177, 30, 17),
	(178, 30, 18),
	(179, 30, 22),
	(180, 30, 27),
	(181, 31, 1),
	(182, 31, 9),
	(183, 31, 17),
	(184, 31, 18),
	(185, 31, 22),
	(186, 31, 27),
	(187, 32, 1),
	(188, 32, 9),
	(189, 32, 17),
	(190, 32, 18),
	(191, 32, 22),
	(192, 32, 27),
	(193, 33, 1),
	(194, 33, 9),
	(195, 33, 17),
	(196, 33, 18),
	(197, 33, 22),
	(198, 33, 27),
	(199, 34, 1),
	(200, 34, 9),
	(201, 34, 17),
	(202, 34, 18),
	(203, 34, 22),
	(204, 34, 27),
	(205, 35, 1),
	(206, 35, 9),
	(207, 35, 17),
	(208, 35, 18),
	(209, 35, 22),
	(210, 35, 27),
	(211, 36, 1),
	(212, 36, 9),
	(213, 36, 17),
	(214, 36, 18),
	(215, 36, 22),
	(216, 36, 27);