
-- Inserciones en la tabla tipo_contacto
INSERT INTO tipo_contactos (id, nombre) VALUES
(1, 'Golpeada Contra (chocar contra algo)'),
(2, 'Golpeado por (Impactado por objeto en movimiento)'),
(3, 'Caída a un nivel más bajo'),
(4, 'Caída en el mismo nivel (Resbalar y caer, tropezar)'),
(5, 'Atrapado (Puntos de Pellizco y Mordida)'),
(6, 'Cogido (Enganchado, Colgado)'),
(7, 'Atrapado entre o debajo (Chancado, Amputado)'),
(8, 'Contacto con (Electricidad, Calor, Frío, Radiación, Caústicos, Tóxicos, Ruido)'),
(9, 'Sobretensión; Sobre-esfuerzo; Sobrecarga');

-- Inserciones en la tabla CausasInmediatas
INSERT INTO causa_inmediatas (id, nombre) VALUES
(1, 'Operar equipo sin autorización (Ver CB 2,3,4,5,7,8,12,13,15)'),
(2, 'Omisión de advertir (Ver CB 1,2,3,4,5,6,7,8,9,12,13,15)'),
(3, 'Omisión de asegurar (Ver CB 2,3,4,5,6,7,8,9,12,13,15)'),
(4, 'Operar a velocidad indebida (Ver CB 2,3,4,5,6,7,8,9,11,12,13,15)'),
(5, 'Desactivar dispositivos de seguridad (Ver CB 2,3,4,5,6,7,8,9,12,13,15)'),
(6, 'Usar equipo defectuoso (Ver CB 2,3,4,5,6,7,8,9,10,11,12,13,14,15)'),
(7, 'No usar el EPP correctamente (Ver CB 2,3,4,5,7,8,10,12,13,15)'),
(8, 'Carga incorrecta (Ver CB 1,2,3,4,5,6,7,8,9,11,12,13,15)'),
(9, 'Colocación incorrecta (Ver CB 1,2,3,4,5,6,7,8,9,12,13,15)'),
(10, 'Levantar incorrectamente (Ver CB 1,2,3,4,5,6,7,8,9,12,13,15)'),
(11, 'Posición indebida (Ver CB 1,2,3,4,5,6,7,8,9,12,13,15)'),
(12, 'Dar servicio a equipo en funcionamiento (Ver CB 2,3,4,5,6,7,8,9,12,13,15)'),
(13, 'Jugueteo (Ver CB 2,3,4,5,7,8,13,15)'),
(14, 'Bajo la influencia del alcohol y/u otras drogas (Ver CB 2,3,4,5,7,8,13,15)'),
(15, 'Uso indebido del equipo (Ver CB 1,2,3,4,5,6,7,8,9,10,12,13,15)'),
(16, 'Guardas o Barreras Inadecuadas (Ver CB 5,7,8,9,10,11,12,13,15)'),
(17, 'Equipo de protección incorrecto o Inadecuado (Ver CB 5,7,8,9,10,12,13)'),
(18, 'Herramientas, Equipo o Materiales defectuosos (Ver CB 8,9,10,11,12,13,14,15)'),
(19, 'Congestión o Acción Restringida (Ver CB 8,9,13)'),
(20, 'Sistema de Advertencia Inadecuado (Ver CB 8,9,10,11,12,13)'),
(21, 'Peligros de Incendio y Explosión (Ver CB 5,6,7,8,9,10,11,12,13,15)'),
(22, 'Orden y Limpieza deficientes/Desorden (Ver CB 5,6,7,8,9,10,11,12,13,15)'),
(23, 'Exposición al Ruido (Ver CB 5,6,7,8,9,10,11,12,13,14)'),
(24, 'Exposición a la Radiación (Ver CB 5,6,7,8,9,10,11,12,13,14)'),
(25, 'Temperaturas Extremas (Ver CB 1,2,3,8,9,11,12)'),
(26, 'Iluminación Deficiente o Excesiva (Ver CB 8,9,10,11,12,13)'),
(27, 'Ventilación Inadecuada (Ver CB 8,9,10,11,12,13)'),
(28, 'Condiciones Ambientales Peligrosas (Ver CB 8,9,10,11,12,13)');

-- Inserciones en la tabla causa_basicas con jerarquía
INSERT INTO causa_basicas (id, nombre, parent_id) VALUES 
-- FACTORES PERSONALES
(1, 'Capacidad Física / Fisiológica Inadecuada', NULL),
(2, 'Estatura, Peso, tamaño, fuerza, alcance, etc. Inadecuados', 1),
(3, 'Rango limitado de movimiento corporal', 1),
(4, 'Capacidad limitada para mantener posiciones del cuerpo', 1),
(5, 'Alergias o sensibilidad a sustancias', 1),
(6, 'Sensibilidad a extremos sensoriales', 1),
(7, 'Defecto de visión', 1),
(8, 'Defecto de audición', 1),
(9, 'Otros defectos sensoriales (tacto, gusto, olfato. equilibrio)', 1),
(10, 'Incapacidad respiratoria', 1),
(11, 'Otras capacidades físicas permanentes', 1),
(12, 'Incapacidades temporales', 1),
(13, 'Capacidad Mental/Psicológica Inadecuada', NULL),
(14, 'Miedos y Fobias', 13),
(15, 'Perturbación Emocional', 13),
(16, 'Enfermedad Mental', 13),
(17, 'Nivel de Inteligencia', 13),
(18, 'Incapacidad para Comprender', 13),
(19, 'Mal discernimiento', 13),
(20, 'Mala coordinación', 13),
(21, 'Tiempo lento de reacción', 13),
(22, 'Baja aptitud mecánica', 13),
(23, 'Baja aptitud para el aprendizaje', 13),
(24, 'Fallas de memoria', 13),
(25, 'Tensión Física o Fisiológica', NULL),
(26, 'Lesión o Enfermedad', 25),
(27, 'Fatiga debida a carga o duración del trabajo', 25),
(28, 'Fatiga debida a falta de descanso', 25),
(29, 'Fatiga debida a sobrecarga sensorial', 25),
(30, 'Exposición a peligros para la salud', 25),
(31, 'Exposición a temperaturas extremas', 25),
(32, 'Deficiencia de oxígeno', 25),
(33, 'Variación de la presión atmosférica', 25),
(34, 'Movimiento restringido', 25),
(35, 'Insuficiencia de azúcar en la sangre', 25),
(36, 'Drogas', 25),
(37, 'Tensión Mental o Psicológica', NULL),
(38, 'Sobrecarga emocional', 37),
(39, 'Fatiga debida a la velocidad o carga de trabajo mental', 37),
(40, 'Exigencias extremas de discernimiento / decisión', 37),
(41, 'Rutina, monotonía, exigencia de vigilancia aburrida', 37),
(42, 'Exigencias extremas de concentración / percepción', 37),
(43, 'Actividades sin “sentido” o “degradantes”', 37),
(44, 'Instrucciones/ exigencias confusas', 37),
(45, 'Exigencias /instrucciones contradictorias', 37),
(46, 'Preocupación por problemas', 37),
(47, 'Frustración', 37),
(48, 'Falta de Conocimientos', NULL),
(49, 'Falta de experiencia', 48),
(50, 'Orientación inadecuada', 48),
(51, 'Entrenamiento inicial inadecuado', 48),
(52, 'Entrenamiento de actualización inadecuado', 48),
(53, 'Instrucciones malentendidas', 48),
(54, 'Falta de Habilidad', NULL),
(55, 'Instrucción inicial inadecuada', 54),
(56, 'Procedimiento inadecuado', 54),
(57, 'Desempeño infrecuente', 54),
(58, 'Falta de Orientación', 54),
(59, 'Instrucciones de revisión inadecuada', 54),
(60, 'Motivación Incorrecta', NULL),
(61, 'El desempeño incorrecto es premiado', 60),
(62, 'El desempeño correcto es castigado', 60),
(63, 'Falta de incentivos', 60),
(64, 'Frustración excesiva', 60),
(65, 'Agresión indebida', 60),
(66, 'Intento incorrecto de ahorrar tiempo o esfuerzo', 60),
(67, 'Intento incorrecto de evitar incomodidad', 60),
(68, 'Intento incorrecto de llamar la atención', 60),
(69, 'Disciplina inadecuada', 60),
(70, 'Presión indebida de los compañeros', 60),
(71, 'Ejemplo indebido de la supervisión', 60),
(72, 'Retroalimentación inadecuada del desempeño', 60),
(73, 'Refuerzo inadecuado de la conducta correcta', 60),
(74, 'Incentivos de producción incorrectos', 60),
-- FACTORES LABORALES
(75, 'Liderazgo y/o Supervisión Inadecuados', NULL),
(76, 'Relaciones jerárquicas confusas o contradictorias', 75),
(77, 'Asignación confusa o contradictoria de responsabilidades', 75),
(78, 'Delegación indebida o insuficiente', 75),
(79, 'Dar política, procedimiento, prácticas o pautas inadecuadas', 75),
(80, 'Dar objetivos, metas o estándares contradictorios', 75),
(81, 'Planificación o programación inadecuada del trabajo', 75),
(82, 'Instrucciones, orientación y/o entrenamiento inadecuados', 75),
(83, 'Proporcionar documentos de referencia, directivas y publicaciones de orientación inadecuadas', 75),
(84, 'Identificación y evaluación inadecuadas de exposición a pérdidas', 75),
(85, 'Falta de conocimiento del trabajo de supervisión /gerencial', 75),
(86, 'Calificaciones individuales incompatibles con los requisitos del trabajo o tarea', 75),
(87, 'Medición y evaluación inadecuada del desempeño', 75),
(88, 'Retroalimentación inadecuada o incorrecta del desempeño', 75),
(89, 'Ingeniería Inadecuada', NULL),
(90, 'Evaluación inadecuada de exposición a pérdidas', 89),
(91, 'Consideración inadecuada de factores humanos/ergonomía', 89),
(92, 'Estándares, especificaciones y /o criterios de diseño inadecuados', 89),
(93, 'Control inadecuado de la construcción', 89),
(94, 'Evaluación inadecuada de la preparación operativa', 89),
(95, 'Controles Inadecuados o incorrectos', 89),
(96, 'Monitoreo Inadecuado de la operación Inicial', 89),
(97, 'Evaluación Inadecuada de los cambios', 89),
(98, 'Compras Inadecuadas', NULL),
(99, 'Especificaciones inadecuadas en las requisiciones', 98),
(100, 'Investigación inadecuada de materiales o equipos', 98),
(101, 'Especificaciones inadecuadas a los vendedores', 98),
(102, 'Modo o ruta de embarque inadecuada', 98),
(103, 'Inspección o aceptación de recibos inadecuados', 98),
(104, 'Comunicación inadecuada de datos de salud y seguridad', 98),
(105, 'Manipulación incorrecta de materiales', 98),
(106, 'Almacenamiento incorrecto de materiales', 98),
(107, 'Transporte incorrecto de materiales', 98),
(108, 'Identificación inadecuada de artículos peligrosos', 98),
(109, 'Salvamento y /o eliminación de desechos incorrecta', 98),
(110, 'Selección inadecuada de contratistas', 98),
(111, 'Mantenimiento Inadecuado', NULL),
(112, 'Preventivo Inadecuado', 111),
(113, 'Evaluación de Necesidades', 112),
(114, 'Lubricación y Servicio', 112),
(115, 'Ajuste/ Montaje', 112),
(116, 'Limpieza o recubrimiento de superficie', 112),
(117, 'Reparación Inadecuada', 111),
(118, 'Comunicaciones de necesidades', 117),
(119, 'Programación del trabajo', 117),
(120, 'Examen de las unidades', 117),
(121, 'Sustitución de piezas', 117),
(122, 'Herramientas y Equipo Inadecuados', NULL),
(123, 'Evaluación inadecuada de necesidades y riesgos', 122),
(124, 'Consideración inadecuada de factores humanos/ ergonomía', 122),
(125, 'Estándares o especificaciones inadecuadas', 122),
(126, 'Disponibilidad inadecuada', 122),
(127, 'Ajuste/ reparación / mantenimiento inadecuados', 122),
(128, 'Recuperación y rehabilitación inadecuadas', 122),
(129, 'Remoción y reemplazo inadecuado de artículos inapropiados', 122),
(130, 'Estándares de Trabajo Inadecuados', NULL),
(131, 'Desarrollo inadecuado de estándares para:', 130),
(132, 'Inventario y evaluación de exposiciones y necesidades', 131),
(133, 'Coordinación con el diseño en proceso', 131),
(134, 'Participación del personal', 131),
(135, 'Procedimientos prácticas /reglas', 131),
(136, 'Comunicación inadecuada de estándares para:', 130),
(137, 'Publicación', 136),
(138, 'Distribución', 136),
(139, 'Traducción a Idiomas Apropiados', 136),
(140, 'Entrenamiento', 136),
(141, 'Refuerzo con Señales, Códigos de Color y Ayudas del Trabajo', 136),
(142, 'Mantenimiento inadecuado de Estándares para:', 130),
(143, 'Seguimiento del Flujo del Trabajo', 142),
(144, 'Actualización', 142),
(145, 'Monitoreo inadecuado del cumplimiento', 130),
(146, 'Desgaste Excesivo', NULL),
(147, 'Planificación inadecuada del uso', 146),
(148, 'Ampliación indebida de la vía útil', 146),
(149, 'Inspección y /o monitoreo inadecuados', 146),
(150, 'Carga o velocidad de uso incorrectas', 146),
(151, 'Mantenimiento inadecuado', 146),
(152, 'Uso por personal no calificado o no entrenado', 146),
(153, 'Uso para el propósito equivocado', 146),
(154, 'Abuso o Mal Uso', NULL),
(155, 'Conducta impropia que es condonada:', 154),
(156, 'Intencional', 155),
(157, 'No Intencional', 155),
(158, 'Conducta impropia que no es condonada', 154),
(159, 'Intencional', 158),
(160, 'No Intencional', 158);

-- Inserciones en la tabla intermedia tipo_contacto_causa_inmediata
INSERT INTO tipo_contacto_causa_inmediata (tipo_contacto_id, causa_inmediata_id) VALUES
(1, 1), (1, 2), (1, 4), (1, 5), (1, 12), (1, 14), (1, 15), (1, 16), (1, 17), (1, 18), (1, 19), (1, 26),
(2, 1), (2, 2), (2, 4), (2, 5), (2, 6), (2, 9), (2, 10), (2, 12), (2, 13), (2, 14), (2, 15), (2, 16), (2, 20), (2, 26),
(3, 3), (3, 5), (3, 6), (3, 7), (3, 11), (3, 12), (3, 13), (3, 14), (3, 15), (3, 16), (3, 17), (3, 22),
(4, 4), (4, 9), (4, 13), (4, 14), (4, 15), (4, 16), (4, 19), (4, 22), (4, 26),
(5, 5), (5, 6), (5, 11), (5, 13), (5, 14), (5, 15), (5, 16), (5, 18),
(6, 5), (6, 6), (6, 11), (6, 12), (6, 13), (6, 14), (6, 15), (6, 16), (6, 18),
(7, 1), (7, 2), (7, 5), (7, 6), (7, 9), (7, 11), (7, 12), (7, 13), (7, 14), (7, 15), (7, 16), (7, 22), (7, 28),
(8, 5), (8, 6), (8, 7), (8, 11), (8, 12), (8, 13), (8, 14), (8, 15), (8, 16), (8, 17), (8, 18), (8, 20), (8, 21), (8, 23), (8, 24), (8, 25), (8, 27), (8, 28),
(9, 8), (9, 9), (9, 10), (9, 11), (9, 13), (9, 14), (9, 15);

-- Inserciones en la tabla intermedia causa_inmediata_causa_basica
INSERT INTO causa_inmediata_causa_basica (causa_inmediata_id, causa_basica_id) VALUES
(1, 2), (1, 3), (1, 4), (1, 5), (1, 7), (1, 8), (1, 12), (1, 13), (1, 15),
(2, 1), (2, 2), (2, 3), (2, 4), (2, 5), (2, 6), (2, 7), (2, 8), (2, 9), (2, 12), (2, 13), (2, 15),
(3, 2), (3, 3), (3, 4), (3, 5), (3, 6), (3, 7), (3, 8), (3, 9), (3, 12), (3, 13), (3, 15),
(4, 2), (4, 3), (4, 4), (4, 5), (4, 6), (4, 7), (4, 8), (4, 9), (4, 11), (4, 12), (4, 13), (4, 15),
(5, 2), (5, 3), (5, 4), (5, 5), (5, 6), (5, 7), (5, 8), (5, 9), (5, 12), (5, 13), (5, 15),
(6, 2), (6, 3), (6, 4), (6, 5), (6, 6), (6, 7), (6, 8), (6, 9), (6, 10), (6, 11), (6, 12), (6, 13), (6, 14), (6, 15),
(7, 2), (7, 3), (7, 4), (7, 5), (7, 7), (7, 8), (7, 10), (7, 12), (7, 13), (7, 14), (7, 15),
(8, 2), (8, 3), (8, 4), (8, 5), (8, 6), (8, 7), (8, 9), (8, 11), (8, 12), (8, 13), (8, 14), (8, 15),
(9, 1), (9, 2), (9, 3), (9, 4), (9, 5), (9, 6), (9, 7), (9, 8), (9, 9), (9, 11), (9, 12), (9, 13), (9, 15),
(10, 1), (10, 2), (10, 3), (10, 4), (10, 5), (10, 6), (10, 7), (10, 8), (10, 9), (10, 11), (10, 12), (10, 13), (10, 15),
(11, 1), (11, 2), (11, 3), (11, 4), (11, 5), (11, 6), (11, 7), (11, 8), (11, 9), (11, 12), (11, 13), (11, 15),
(12, 2), (12, 3), (12, 4), (12, 5), (12, 6), (12, 7), (12, 8), (12, 9), (12, 12), (12, 13), (12, 15),
(13, 2), (13, 3), (13, 4), (13, 5), (13, 7), (13, 8), (13, 13), (13, 15),
(14, 2), (14, 3), (14, 4), (14, 5), (14, 7), (14, 8), (14, 13), (14, 15),
(15, 1), (15, 2), (15, 3), (15, 4), (15, 5), (15, 6), (15, 7), (15, 8), (15, 9), (15, 10), (15, 12), (15, 13), (15, 15),
(16, 5), (16, 7), (16, 8), (16, 9), (16, 10), (16, 11), (16, 12), (16, 13), (16, 15),
(17, 5), (17, 7), (17, 8), (17, 9), (17, 10), (17, 12), (17, 13),
(18, 8), (18, 9), (18, 10), (18, 11), (18, 12), (18, 13), (18, 14), (18, 15),
(19, 8), (19, 9), (19, 13),
(20, 8), (20, 9), (20, 10), (20, 11), (20, 12), (20, 13),
(21, 5), (21, 6), (21, 7), (21, 8), (21, 9), (21, 10), (21, 11), (21, 12), (21, 13), (21, 15),
(22, 5), (22, 6), (22, 7), (22, 8), (22, 9), (22, 10), (22, 11), (22, 12), (22, 13), (22, 15),
(23, 5), (23, 6), (23, 7), (23, 8), (23, 9), (23, 10), (23, 11), (23, 12), (23, 13), (23, 14),
(24, 5), (24, 6), (24, 7), (24, 8), (24, 9), (24, 10), (24, 11), (24, 12), (24, 13), (24, 14),
(25, 1), (25, 2), (25, 3), (25, 8), (25, 9), (25, 11), (25, 12),
(26, 8), (26, 9), (26, 10), (26, 11), (26, 12), (26, 13),
(27, 8), (27, 9), (27, 10), (27, 11), (27, 12), (27, 13),
(28, 8), (28, 9), (28, 10), (28, 11), (28, 12), (28, 13);
